-- phpMyAdmin SQL Dump
-- version 4.0.5
-- http://www.phpmyadmin.net
--
-- Host: localhost
-- Generation Time: Nov 04, 2013 at 11:11 AM
-- Server version: 5.1.70-cll
-- PHP Version: 5.3.17

SET SQL_MODE = "NO_AUTO_VALUE_ON_ZERO";
SET time_zone = "+00:00";


/*!40101 SET @OLD_CHARACTER_SET_CLIENT=@@CHARACTER_SET_CLIENT */;
/*!40101 SET @OLD_CHARACTER_SET_RESULTS=@@CHARACTER_SET_RESULTS */;
/*!40101 SET @OLD_COLLATION_CONNECTION=@@COLLATION_CONNECTION */;
/*!40101 SET NAMES utf8 */;

--
-- Database: `ahmadza_hyjabs`
--

-- --------------------------------------------------------

--
-- Table structure for table `admin`
--

CREATE TABLE IF NOT EXISTS `admin` (
  `id_user` int(11) NOT NULL AUTO_INCREMENT,
  `username` varchar(50) NOT NULL,
  `password` varchar(50) NOT NULL,
  PRIMARY KEY (`id_user`)
) ENGINE=InnoDB  DEFAULT CHARSET=latin1 AUTO_INCREMENT=3 ;

--
-- Dumping data for table `admin`
--

INSERT INTO `admin` (`id_user`, `username`, `password`) VALUES
(1, 'admin', '21232f297a57a5a743894a0e4a801fc3'),
(2, 'nazar', 'd93ec75bca4b7ef88df5a6c591654422');

-- --------------------------------------------------------

--
-- Table structure for table `friends`
--

CREATE TABLE IF NOT EXISTS `friends` (
  `id_user` int(11) NOT NULL,
  `id_user_friends` int(11) NOT NULL,
  `status` int(11) NOT NULL,
  KEY `id_user` (`id_user`),
  KEY `id_user_friends` (`id_user_friends`)
) ENGINE=InnoDB DEFAULT CHARSET=latin1;

--
-- Dumping data for table `friends`
--

INSERT INTO `friends` (`id_user`, `id_user_friends`, `status`) VALUES
(40, 43, 1),
(42, 41, 0),
(41, 42, 1),
(38, 37, 0),
(42, 43, 0),
(40, 48, 1),
(48, 41, 0),
(43, 40, 0),
(43, 67, 0),
(48, 40, 0),
(70, 40, 0),
(76, 48, 0),
(77, 64, 0),
(78, 77, 0),
(77, 78, 0),
(83, 41, 0),
(83, 41, 0),
(83, 40, 0),
(83, 40, 0),
(83, 40, 0),
(83, 40, 0),
(86, 77, 0),
(82, 0, 0),
(82, 0, 0),
(0, 0, 0),
(26, 28, 0),
(77, 42, 0),
(77, 48, 0),
(77, 86, 0),
(97, 41, 0),
(97, 42, 0),
(97, 55, 0),
(97, 57, 0),
(97, 58, 0),
(97, 59, 0),
(97, 60, 0),
(97, 61, 0),
(97, 62, 0),
(97, 63, 0),
(97, 62, 0),
(97, 63, 0),
(97, 64, 0),
(97, 65, 0),
(97, 64, 0),
(97, 65, 0),
(97, 66, 0),
(97, 67, 0),
(97, 68, 0),
(97, 69, 0),
(97, 77, 0),
(97, 78, 0),
(97, 86, 0),
(97, 84, 0),
(96, 77, 0),
(110, 77, 0),
(110, 78, 0),
(110, 78, 0),
(111, 77, 0),
(77, 96, 0),
(77, 57, 0),
(87, 82, 0),
(120, 77, 0),
(120, 77, 0),
(134, 40, 0),
(134, 40, 0),
(134, 78, 0),
(134, 78, 0),
(86, 97, 0),
(95, 77, 0),
(152, 77, 0),
(152, 139, 0),
(77, 152, 0),
(48, 87, 0),
(48, 87, 0),
(48, 87, 0),
(86, 41, 0),
(86, 42, 0),
(175, 77, 0),
(82, 83, 0),
(206, 41, 0),
(209, 40, 0),
(209, 40, 0),
(209, 41, 0),
(209, 40, 0),
(209, 40, 0),
(209, 42, 0),
(209, 42, 0),
(209, 44, 0),
(209, 55, 0),
(209, 44, 0),
(209, 56, 0),
(209, 57, 0),
(209, 58, 0),
(209, 59, 0),
(209, 62, 0),
(209, 63, 0),
(209, 64, 0),
(209, 65, 0),
(209, 66, 0),
(209, 67, 0),
(209, 69, 0),
(209, 77, 0),
(209, 78, 0),
(209, 80, 0),
(209, 82, 0),
(209, 80, 0),
(209, 83, 0),
(209, 82, 0),
(209, 84, 0),
(209, 83, 0),
(209, 84, 0),
(209, 85, 0),
(209, 86, 0),
(209, 85, 0),
(209, 86, 0),
(209, 86, 0),
(209, 86, 0),
(209, 86, 0),
(209, 86, 0),
(86, 209, 0),
(275, 77, 0),
(275, 77, 0),
(275, 77, 0),
(275, 77, 0),
(307, 77, 0),
(82, 77, 0),
(82, 78, 0),
(82, 94, 0),
(82, 97, 0),
(413, 59, 0),
(424, 41, 0),
(424, 42, 0),
(424, 44, 0),
(424, 53, 0),
(424, 55, 0),
(424, 56, 0),
(424, 57, 0),
(424, 58, 0),
(424, 59, 0),
(424, 60, 0),
(424, 61, 0),
(424, 62, 0),
(424, 63, 0),
(424, 64, 0),
(424, 65, 0),
(424, 67, 0),
(424, 68, 0),
(424, 69, 0),
(424, 75, 0),
(424, 78, 0),
(424, 77, 0),
(424, 41, 0),
(424, 42, 0),
(424, 53, 0),
(424, 44, 0),
(424, 55, 0),
(424, 56, 0),
(424, 57, 0),
(424, 58, 0),
(424, 59, 0),
(424, 60, 0),
(424, 61, 0),
(424, 62, 0),
(424, 63, 0),
(424, 64, 0),
(424, 65, 0),
(424, 66, 0),
(424, 67, 0),
(424, 68, 0),
(424, 69, 0),
(424, 75, 0),
(424, 76, 0),
(424, 77, 0),
(424, 78, 0),
(424, 79, 0),
(424, 80, 0),
(424, 81, 0),
(424, 82, 0),
(424, 83, 0),
(424, 84, 0),
(424, 85, 0),
(424, 86, 0),
(424, 87, 0),
(424, 89, 0);

-- --------------------------------------------------------

--
-- Table structure for table `jenis_notif`
--

CREATE TABLE IF NOT EXISTS `jenis_notif` (
  `id_jenis_notif` int(11) NOT NULL AUTO_INCREMENT,
  `notif` varchar(500) NOT NULL,
  `ket` varchar(500) NOT NULL,
  PRIMARY KEY (`id_jenis_notif`)
) ENGINE=InnoDB  DEFAULT CHARSET=latin1 AUTO_INCREMENT=4 ;

--
-- Dumping data for table `jenis_notif`
--

INSERT INTO `jenis_notif` (`id_jenis_notif`, `notif`, `ket`) VALUES
(1, 'Commented your post', ''),
(2, 'Folow you', ''),
(3, 'Liked your post', '');

-- --------------------------------------------------------

--
-- Table structure for table `komentar`
--

CREATE TABLE IF NOT EXISTS `komentar` (
  `id_komentar` int(11) NOT NULL AUTO_INCREMENT,
  `id_post` int(11) NOT NULL,
  `id_user_komen` int(11) NOT NULL,
  `komentar` varchar(500) NOT NULL,
  PRIMARY KEY (`id_komentar`),
  KEY `id_post` (`id_post`),
  KEY `id_user_komen` (`id_user_komen`)
) ENGINE=InnoDB  DEFAULT CHARSET=latin1 AUTO_INCREMENT=179 ;

--
-- Dumping data for table `komentar`
--

INSERT INTO `komentar` (`id_komentar`, `id_post`, `id_user_komen`, `komentar`) VALUES
(132, 42, 78, 'kereenn banget'),
(133, 42, 78, 'hijabnya'),
(134, 42, 78, 'stepnya juga simpel'),
(135, 42, 78, 'Sstepnya  juga simpel\nl'),
(136, 41, 78, 'yang ini juga eren mba'),
(137, 40, 78, 'wahh simpell tapi kerwnn banget mba'),
(138, 40, 78, 'stepnya juga ga ribet'),
(139, 43, 77, 'style hijab buat maennn'),
(140, 43, 77, 'style hijab buat maennn'),
(141, 44, 78, 'Cuman 4 langkah  '),
(142, 45, 77, 'coba inaicta komentar'),
(143, 45, 77, 'coba inaicta komentar'),
(144, 40, 77, 'Ini model hijab favorit ku loh'),
(145, 40, 77, 'Trims ya semua'),
(146, 40, 77, 'Trims ya semua'),
(147, 40, 77, 'Bagus kan step step nya?'),
(148, 40, 86, 'makasih tutorialnya mbak.. Inspiring bgt deh...'),
(149, 47, 82, 'menurut saya sih cukup bagus style nya dan sudah menggambarkan hijab muslimah yang baik.'),
(150, 48, 77, 'demo komentar'),
(151, 48, 77, 'demo kedua'),
(152, 48, 77, 'demo kedua'),
(153, 48, 77, 'gooood'),
(154, 41, 77, 'keren cantik'),
(155, 49, 77, 'komeenn'),
(156, 49, 77, 'komeenn'),
(157, 48, 78, 'baguuss'),
(158, 48, 78, 'baguuss'),
(159, 48, 78, 'baguss'),
(160, 45, 78, 'demo'),
(161, 45, 78, 'dedemooo'),
(162, 45, 78, 'dedemooo'),
(163, 53, 87, 'komentar'),
(164, 44, 134, 'wauw cantiknya'),
(165, 45, 120, 'tes'),
(166, 45, 120, 'tes'),
(167, 40, 77, 'bagus'),
(168, 40, 77, 'bagus'),
(169, 44, 77, 'bagus '),
(170, 41, 191, 'hi'),
(171, 41, 191, 'hi'),
(172, 41, 191, 'gdfy'),
(173, 40, 205, 'afgvy'),
(174, 40, 205, 'afgvy'),
(175, 40, 205, 'afgvy'),
(176, 41, 255, 'adeko'),
(177, 41, 255, 'adeko'),
(178, 41, 255, 'adeko');

-- --------------------------------------------------------

--
-- Table structure for table `langkah`
--

CREATE TABLE IF NOT EXISTS `langkah` (
  `id_post` int(11) NOT NULL,
  `langkah` varchar(500) NOT NULL,
  KEY `id_post` (`id_post`)
) ENGINE=InnoDB DEFAULT CHARSET=latin1;

--
-- Dumping data for table `langkah`
--

INSERT INTO `langkah` (`id_post`, `langkah`) VALUES
(40, 'Linkarkan  ujung  kerudung ke kebalakng telinga-tempelkan dengan jarum pentul-Lalu tempelkan ujung satunya ke belakang telinga-ambil ujung lainya dan semaikan ke atas kepala-'),
(41, 'Step pertama kaitkan ujung kerudung pasmina ke belakang kepala-Step kedua kaitkan ujung kerudung satunya dengan jarum pentul-Step ketiga  ambil sisi kiri hijab tarik ke belakang kepala melewati leher dan tarik kedepan-sematkan jarum pentul sedangkan sisi kanan terjuntai tarik kebelakang dan sematkan  dari ujung kepala jarum pentul-'),
(42, 'Lilitkan pasmina ke ujung telinga-ikatkan ke leher , dan rekatkan dengan ujung jarum pentul-Ikatkan ujung lainya ke leher -Seleasai -'),
(43, 'Gunakan ciput ninja dan tumpuk dengam ciput biasa , lalu siapkan kerudung paris segiempat yang dilipat sepertiga-pasang kerudung paris segiempat dan letakan tepat di dada-tarik kerudunh ke belakang  lalu sematkan dengan jarum pentul sisanya tarik menjadi satu-'),
(44, 'Step pertma gunakan ninja -Step kedua ambil pasmina dan lilitkan ke leher-Ikatkan ujung pasmina ke atas kepala rekatkan dengan jarum pentul-Sisanya tempelkan ke atas kepala dengan jarum pentul-'),
(45, 'demo inaicta step hijab-'),
(46, 'pasangkan sehelai kain'),
(47, 'asd -asddfff-'),
(48, 'Step pertama demo post-Step kedua-'),
(49, 'test-test2-'),
(50, 'test-'),
(51, 'just test 1-just test 2-'),
(52, 'vsvx-gHZZ-gzgghz-'),
(53, 'hayyyyyy-njejjhehhheh-'),
(54, 'monyokan gigi-'),
(55, 'Me-'),
(56, 'Step pertama ikatkan ujung kerudung-step kedua tempelkan dengan peniti-'),
(57, 'mie telorrr-');

-- --------------------------------------------------------

--
-- Table structure for table `like`
--

CREATE TABLE IF NOT EXISTS `like` (
  `id_post` int(11) NOT NULL,
  `id_user` int(11) NOT NULL
) ENGINE=InnoDB DEFAULT CHARSET=latin1;

--
-- Dumping data for table `like`
--

INSERT INTO `like` (`id_post`, `id_user`) VALUES
(41, 78),
(43, 78),
(43, 78),
(44, 77),
(46, 86),
(46, 86),
(46, 86),
(45, 86),
(46, 86),
(43, 86),
(42, 86),
(42, 86),
(41, 86),
(40, 86),
(40, 82),
(48, 77),
(43, 77),
(49, 77),
(45, 77),
(44, 77),
(53, 87),
(44, 134),
(44, 134),
(44, 134),
(44, 134),
(41, 120),
(55, 86),
(55, 86),
(48, 86),
(42, 175),
(42, 175),
(42, 175),
(56, 175),
(56, 175),
(56, 175),
(56, 175),
(40, 205),
(41, 205),
(40, 215),
(40, 215),
(41, 239),
(41, 253),
(40, 255),
(40, 253),
(41, 256),
(44, 77),
(40, 249),
(41, 249),
(40, 303),
(41, 331),
(40, 331),
(41, 381),
(41, 396),
(40, 396),
(40, 415),
(40, 444),
(41, 444);

-- --------------------------------------------------------

--
-- Table structure for table `notifikasi`
--

CREATE TABLE IF NOT EXISTS `notifikasi` (
  `id_notif` int(11) NOT NULL AUTO_INCREMENT,
  `id_user` int(11) NOT NULL,
  `id_user_notif` int(11) NOT NULL,
  `id_jenis_notif` int(11) NOT NULL,
  `id_post` int(11) DEFAULT NULL,
  `tanggal` datetime NOT NULL,
  `status_aktif` int(11) NOT NULL,
  PRIMARY KEY (`id_notif`),
  KEY `id_user` (`id_user`),
  KEY `id_user_notif` (`id_user_notif`),
  KEY `id_jenis_notif` (`id_jenis_notif`)
) ENGINE=InnoDB  DEFAULT CHARSET=latin1 AUTO_INCREMENT=321 ;

--
-- Dumping data for table `notifikasi`
--

INSERT INTO `notifikasi` (`id_notif`, `id_user`, `id_user_notif`, `id_jenis_notif`, `id_post`, `tanggal`, `status_aktif`) VALUES
(112, 78, 78, 1, 44, '2013-08-29 08:36:01', 1),
(120, 82, 42, 2, NULL, '2013-08-30 10:58:54', 1),
(121, 77, 42, 2, NULL, '2013-08-30 11:00:05', 1),
(122, 82, 87, 2, NULL, '2013-08-30 11:02:18', 0),
(123, 82, 87, 1, 47, '2013-08-30 11:04:19', 0),
(129, 77, 48, 2, NULL, '2013-08-31 11:35:00', 0),
(130, 77, 86, 2, NULL, '2013-08-31 12:33:07', 0),
(135, 78, 77, 1, 48, '2013-09-01 08:50:52', 1),
(136, 78, 77, 1, 48, '2013-09-01 08:50:55', 1),
(137, 78, 77, 1, 48, '2013-09-01 08:51:01', 1),
(138, 78, 77, 1, 45, '2013-09-01 08:53:03', 0),
(139, 78, 77, 1, 45, '2013-09-01 08:53:20', 0),
(140, 78, 77, 1, 45, '2013-09-01 08:53:20', 0),
(141, 97, 41, 2, NULL, '2013-09-01 20:24:02', 1),
(142, 97, 42, 2, NULL, '2013-09-01 20:24:09', 1),
(143, 97, 55, 2, NULL, '2013-09-01 20:24:23', 1),
(144, 97, 57, 2, NULL, '2013-09-01 20:24:28', 1),
(145, 97, 58, 2, NULL, '2013-09-01 20:24:30', 1),
(146, 97, 59, 2, NULL, '2013-09-01 20:24:32', 1),
(147, 97, 60, 2, NULL, '2013-09-01 20:24:34', 1),
(148, 97, 61, 2, NULL, '2013-09-01 20:24:35', 1),
(149, 97, 62, 2, NULL, '2013-09-01 20:24:42', 1),
(150, 97, 63, 2, NULL, '2013-09-01 20:24:45', 1),
(151, 97, 62, 2, NULL, '2013-09-01 20:24:46', 1),
(152, 97, 63, 2, NULL, '2013-09-01 20:24:47', 1),
(153, 97, 64, 2, NULL, '2013-09-01 20:24:54', 1),
(154, 97, 65, 2, NULL, '2013-09-01 20:24:54', 1),
(155, 97, 64, 2, NULL, '2013-09-01 20:24:54', 1),
(156, 97, 65, 2, NULL, '2013-09-01 20:24:55', 1),
(157, 97, 66, 2, NULL, '2013-09-01 20:24:55', 1),
(158, 97, 67, 2, NULL, '2013-09-01 20:24:58', 1),
(159, 97, 68, 2, NULL, '2013-09-01 20:25:03', 1),
(160, 97, 69, 2, NULL, '2013-09-01 20:25:08', 1),
(161, 97, 77, 2, NULL, '2013-09-01 20:25:35', 0),
(162, 97, 78, 2, NULL, '2013-09-01 20:25:37', 1),
(163, 97, 86, 2, NULL, '2013-09-01 20:25:47', 0),
(164, 97, 84, 2, NULL, '2013-09-01 20:25:49', 1),
(165, 96, 77, 2, NULL, '2013-09-02 22:01:50', 0),
(166, 110, 77, 2, NULL, '2013-09-04 14:28:08', 0),
(167, 110, 78, 2, NULL, '2013-09-04 14:28:11', 1),
(168, 110, 78, 2, NULL, '2013-09-04 14:28:19', 1),
(169, 111, 77, 2, NULL, '2013-09-04 16:43:37', 1),
(170, 77, 96, 2, NULL, '2013-09-06 00:06:45', 1),
(171, 77, 57, 2, NULL, '2013-09-06 00:13:39', 1),
(172, 87, 87, 1, 53, '2013-09-06 00:33:28', 1),
(173, 87, 82, 2, NULL, '2013-09-06 00:34:18', 1),
(174, 120, 77, 2, NULL, '2013-09-06 09:57:48', 1),
(175, 120, 77, 2, NULL, '2013-09-06 09:57:50', 1),
(176, 134, 40, 2, NULL, '2013-09-07 16:43:52', 1),
(177, 134, 40, 2, NULL, '2013-09-07 16:43:54', 1),
(178, 134, 78, 2, NULL, '2013-09-07 16:43:55', 1),
(179, 134, 78, 2, NULL, '2013-09-07 16:43:57', 1),
(180, 134, 78, 2, NULL, '2013-09-07 16:43:58', 1),
(181, 134, 78, 2, NULL, '2013-09-07 16:43:59', 1),
(182, 134, 78, 2, NULL, '2013-09-07 16:43:59', 1),
(183, 134, 78, 2, NULL, '2013-09-07 16:44:00', 0),
(184, 134, 78, 2, NULL, '2013-09-07 16:44:00', 1),
(185, 134, 78, 2, NULL, '2013-09-07 16:44:19', 1),
(186, 134, 78, 2, NULL, '2013-09-07 16:44:20', 1),
(187, 134, 78, 1, 44, '2013-09-07 16:45:38', 1),
(188, 120, 77, 1, 45, '2013-09-08 20:20:16', 1),
(189, 120, 77, 1, 45, '2013-09-08 20:20:16', 1),
(190, 86, 97, 2, NULL, '2013-09-08 21:32:40', 0),
(191, 95, 77, 2, NULL, '2013-09-10 21:15:50', 1),
(192, 152, 77, 2, NULL, '2013-09-12 16:49:52', 0),
(193, 152, 139, 2, NULL, '2013-09-12 16:51:00', 1),
(194, 77, 152, 2, NULL, '2013-09-13 12:38:32', 0),
(195, 48, 87, 2, NULL, '2013-09-16 08:06:09', 1),
(196, 48, 87, 2, NULL, '2013-09-16 08:06:09', 1),
(197, 48, 87, 2, NULL, '2013-09-16 08:06:15', 1),
(198, 86, 40, 2, NULL, '2013-09-24 18:13:28', 1),
(199, 86, 40, 2, NULL, '2013-09-24 18:13:32', 1),
(200, 86, 41, 2, NULL, '2013-09-24 18:13:44', 1),
(201, 86, 42, 2, NULL, '2013-09-24 18:13:44', 1),
(202, 175, 77, 2, NULL, '2013-09-27 00:59:24', 1),
(203, 77, 77, 1, 40, '2013-09-27 01:02:37', 0),
(204, 77, 77, 1, 40, '2013-09-27 01:02:44', 0),
(205, 77, 78, 1, 44, '2013-09-28 14:07:55', 1),
(206, 82, 83, 2, NULL, '2013-10-06 09:11:30', 1),
(207, 191, 77, 1, 41, '2013-10-11 07:23:45', 1),
(208, 191, 77, 1, 41, '2013-10-11 07:23:47', 1),
(209, 191, 77, 1, 41, '2013-10-11 07:25:48', 0),
(210, 205, 77, 1, 40, '2013-10-19 13:58:05', 1),
(211, 205, 77, 1, 40, '2013-10-19 13:58:10', 1),
(212, 205, 77, 1, 40, '2013-10-19 13:58:12', 1),
(213, 206, 41, 2, NULL, '2013-10-19 14:01:25', 1),
(214, 209, 40, 2, NULL, '2013-10-20 12:41:18', 1),
(215, 209, 40, 2, NULL, '2013-10-20 12:41:18', 1),
(216, 209, 41, 2, NULL, '2013-10-20 12:41:18', 1),
(217, 209, 40, 2, NULL, '2013-10-20 12:41:22', 1),
(218, 209, 40, 2, NULL, '2013-10-20 12:41:23', 1),
(219, 209, 42, 2, NULL, '2013-10-20 12:43:24', 1),
(220, 209, 42, 2, NULL, '2013-10-20 12:43:25', 1),
(221, 209, 44, 2, NULL, '2013-10-20 12:43:29', 1),
(222, 209, 55, 2, NULL, '2013-10-20 12:43:32', 1),
(223, 209, 44, 2, NULL, '2013-10-20 12:43:32', 1),
(224, 209, 56, 2, NULL, '2013-10-20 12:43:33', 1),
(225, 209, 57, 2, NULL, '2013-10-20 12:43:35', 1),
(226, 209, 58, 2, NULL, '2013-10-20 12:43:37', 1),
(227, 209, 59, 2, NULL, '2013-10-20 12:43:39', 1),
(228, 209, 62, 2, NULL, '2013-10-20 12:43:46', 1),
(229, 209, 63, 2, NULL, '2013-10-20 12:43:47', 1),
(230, 209, 64, 2, NULL, '2013-10-20 12:43:48', 1),
(231, 209, 65, 2, NULL, '2013-10-20 12:43:50', 1),
(232, 209, 66, 2, NULL, '2013-10-20 12:43:51', 1),
(233, 209, 67, 2, NULL, '2013-10-20 12:43:53', 1),
(234, 209, 69, 2, NULL, '2013-10-20 12:43:55', 1),
(235, 209, 77, 2, NULL, '2013-10-20 12:43:58', 1),
(236, 209, 78, 2, NULL, '2013-10-20 12:44:00', 1),
(237, 209, 80, 2, NULL, '2013-10-20 12:44:06', 1),
(238, 209, 82, 2, NULL, '2013-10-20 12:44:09', 1),
(239, 209, 80, 2, NULL, '2013-10-20 12:44:10', 1),
(240, 209, 83, 2, NULL, '2013-10-20 12:44:10', 1),
(241, 209, 82, 2, NULL, '2013-10-20 12:44:12', 1),
(242, 209, 84, 2, NULL, '2013-10-20 12:44:12', 1),
(243, 209, 83, 2, NULL, '2013-10-20 12:44:13', 1),
(244, 209, 84, 2, NULL, '2013-10-20 12:44:20', 1),
(245, 209, 86, 2, NULL, '2013-10-20 12:44:20', 1),
(246, 209, 85, 2, NULL, '2013-10-20 12:44:20', 1),
(247, 209, 85, 2, NULL, '2013-10-20 12:44:21', 1),
(248, 209, 86, 2, NULL, '2013-10-20 12:44:21', 1),
(249, 209, 86, 2, NULL, '2013-10-20 12:44:32', 1),
(250, 209, 86, 2, NULL, '2013-10-20 12:44:32', 1),
(251, 209, 86, 2, NULL, '2013-10-20 12:44:33', 1),
(252, 209, 86, 2, NULL, '2013-10-20 12:44:36', 0),
(253, 86, 209, 2, NULL, '2013-10-21 23:24:49', 1),
(254, 255, 77, 1, 41, '2013-10-27 16:02:33', 1),
(255, 255, 77, 1, 41, '2013-10-27 16:02:33', 1),
(256, 255, 77, 1, 41, '2013-10-27 16:02:34', 1),
(257, 275, 77, 2, NULL, '2013-10-28 09:24:58', 1),
(258, 275, 77, 2, NULL, '2013-10-28 09:24:58', 1),
(259, 275, 77, 2, NULL, '2013-10-28 09:24:58', 1),
(260, 275, 77, 2, NULL, '2013-10-28 09:24:58', 1),
(261, 307, 77, 2, NULL, '2013-10-30 13:34:35', 0),
(262, 82, 77, 2, NULL, '2013-11-02 18:10:27', 1),
(263, 82, 78, 2, NULL, '2013-11-02 18:10:37', 1),
(264, 82, 94, 2, NULL, '2013-11-02 18:10:47', 1),
(265, 82, 97, 2, NULL, '2013-11-02 18:10:54', 1),
(266, 413, 59, 2, NULL, '2013-11-02 23:28:15', 1),
(267, 424, 41, 2, NULL, '2013-11-03 06:08:12', 1),
(268, 424, 42, 2, NULL, '2013-11-03 06:08:21', 1),
(269, 424, 44, 2, NULL, '2013-11-03 06:08:22', 1),
(270, 424, 53, 2, NULL, '2013-11-03 06:08:35', 1),
(271, 424, 55, 2, NULL, '2013-11-03 06:08:35', 1),
(272, 424, 56, 2, NULL, '2013-11-03 06:08:35', 1),
(273, 424, 57, 2, NULL, '2013-11-03 06:08:38', 1),
(274, 424, 58, 2, NULL, '2013-11-03 06:08:40', 1),
(275, 424, 59, 2, NULL, '2013-11-03 06:08:43', 1),
(276, 424, 60, 2, NULL, '2013-11-03 06:08:45', 1),
(277, 424, 61, 2, NULL, '2013-11-03 06:08:47', 1),
(278, 424, 62, 2, NULL, '2013-11-03 06:08:50', 1),
(279, 424, 63, 2, NULL, '2013-11-03 06:08:53', 1),
(280, 424, 64, 2, NULL, '2013-11-03 06:08:53', 1),
(281, 424, 65, 2, NULL, '2013-11-03 06:08:55', 1),
(282, 424, 67, 2, NULL, '2013-11-03 06:08:58', 1),
(283, 424, 68, 2, NULL, '2013-11-03 06:09:00', 1),
(284, 424, 69, 2, NULL, '2013-11-03 06:09:03', 1),
(285, 424, 75, 2, NULL, '2013-11-03 06:09:05', 1),
(286, 424, 78, 2, NULL, '2013-11-03 06:09:17', 1),
(287, 424, 77, 2, NULL, '2013-11-03 06:09:17', 1),
(288, 424, 41, 2, NULL, '2013-11-03 06:12:01', 1),
(289, 424, 42, 2, NULL, '2013-11-03 06:12:02', 1),
(290, 424, 55, 2, NULL, '2013-11-03 06:12:18', 1),
(291, 424, 44, 2, NULL, '2013-11-03 06:12:18', 1),
(292, 424, 53, 2, NULL, '2013-11-03 06:12:18', 1),
(293, 424, 56, 2, NULL, '2013-11-03 06:12:19', 1),
(294, 424, 57, 2, NULL, '2013-11-03 06:12:20', 1),
(295, 424, 58, 2, NULL, '2013-11-03 06:12:24', 1),
(296, 424, 59, 2, NULL, '2013-11-03 06:12:27', 1),
(297, 424, 60, 2, NULL, '2013-11-03 06:12:27', 1),
(298, 424, 61, 2, NULL, '2013-11-03 06:12:27', 1),
(299, 424, 62, 2, NULL, '2013-11-03 06:12:28', 1),
(300, 424, 63, 2, NULL, '2013-11-03 06:12:31', 1),
(301, 424, 64, 2, NULL, '2013-11-03 06:12:32', 1),
(302, 424, 65, 2, NULL, '2013-11-03 06:12:33', 1),
(303, 424, 66, 2, NULL, '2013-11-03 06:12:36', 1),
(304, 424, 67, 2, NULL, '2013-11-03 06:12:37', 1),
(305, 424, 68, 2, NULL, '2013-11-03 06:12:41', 1),
(306, 424, 69, 2, NULL, '2013-11-03 06:12:42', 1),
(307, 424, 75, 2, NULL, '2013-11-03 06:12:44', 1),
(308, 424, 76, 2, NULL, '2013-11-03 06:12:47', 1),
(309, 424, 77, 2, NULL, '2013-11-03 06:12:47', 1),
(310, 424, 78, 2, NULL, '2013-11-03 06:12:55', 1),
(311, 424, 79, 2, NULL, '2013-11-03 06:12:57', 1),
(312, 424, 80, 2, NULL, '2013-11-03 06:12:57', 1),
(313, 424, 81, 2, NULL, '2013-11-03 06:12:59', 1),
(314, 424, 82, 2, NULL, '2013-11-03 06:13:04', 1),
(315, 424, 83, 2, NULL, '2013-11-03 06:13:05', 1),
(316, 424, 84, 2, NULL, '2013-11-03 06:13:11', 1),
(317, 424, 85, 2, NULL, '2013-11-03 06:13:11', 1),
(318, 424, 86, 2, NULL, '2013-11-03 06:13:15', 1),
(319, 424, 87, 2, NULL, '2013-11-03 06:13:19', 1),
(320, 424, 89, 2, NULL, '2013-11-03 06:13:20', 1);

-- --------------------------------------------------------

--
-- Table structure for table `post_style`
--

CREATE TABLE IF NOT EXISTS `post_style` (
  `id_post` int(11) NOT NULL AUTO_INCREMENT,
  `title` varchar(300) NOT NULL,
  `url_img_post` varchar(300) NOT NULL,
  `latitude` varchar(400) NOT NULL,
  `id_user` int(11) NOT NULL,
  `status` varchar(400) NOT NULL,
  `like` int(11) NOT NULL,
  `promote` int(11) NOT NULL,
  `longitude` varchar(400) NOT NULL,
  `lokasi` varchar(500) DEFAULT NULL,
  PRIMARY KEY (`id_post`),
  KEY `id_user` (`id_user`)
) ENGINE=InnoDB  DEFAULT CHARSET=latin1 AUTO_INCREMENT=58 ;

--
-- Dumping data for table `post_style`
--

INSERT INTO `post_style` (`id_post`, `title`, `url_img_post`, `latitude`, `id_user`, `status`, `like`, `promote`, `longitude`, `lokasi`) VALUES
(40, 'Hijab simpel segi empat', '9341111.jpg', '', 77, 'verified', 13, 0, '', ''),
(41, 'Hijab pasmina cantik ', '3455111.jpg', '', 77, 'verified', 12, 0, '', ''),
(42, 'Hijab  simpel parisss', '6231111.jpg', '', 77, '', 5, 0, '', ''),
(43, 'Pasmina alpine zasmine', '8146111.jpg', '', 77, '', 4, 0, '', ''),
(44, 'Pasmina simpel hanya 4 langkah', '6808111.jpg', '', 78, '', 7, 0, '', ''),
(45, 'INAICTA DEMO POST', '9182111.jpg', '', 77, '', 2, 0, '', ''),
(47, 'Codelabs unikom', '1402111.jpg', '', 87, '', 0, 0, '', ''),
(48, 'Inaicta demo post ', '5428111.jpg', '', 77, '', 2, 0, '', ''),
(50, 'test', '7726111.jpg', '-6.9103633', 94, '', 0, 0, '106.973236', 'bandund'),
(51, 'nice me', '9382111.jpg', '', 94, '', 0, 0, '', ''),
(52, 'mgvbnb', '2233111.jpg', '', 93, '', 0, 0, '', ''),
(53, 'jjsjennenenjjje', '7399111.jpg', '', 87, '', 1, 0, '', ''),
(54, 'hijab saskia gotikgotik', '4167111.jpg', '', 134, '', 0, 0, '', ''),
(55, 'Haider', '6476111.jpg', '', 97, '', 2, 0, '', ''),
(56, 'Hijab simple', '8919111.jpg', '', 175, '', 4, 0, '', ''),
(57, 'makan', '559111.jpg', '', 208, '', 0, 0, '', '');

-- --------------------------------------------------------

--
-- Table structure for table `user`
--

CREATE TABLE IF NOT EXISTS `user` (
  `id_user` int(11) NOT NULL AUTO_INCREMENT,
  `name` varchar(50) DEFAULT NULL,
  `username` varchar(30) NOT NULL,
  `password` varchar(50) NOT NULL,
  `email` varchar(50) DEFAULT NULL,
  `url_img_user` varchar(50) DEFAULT NULL,
  PRIMARY KEY (`id_user`)
) ENGINE=InnoDB  DEFAULT CHARSET=latin1 AUTO_INCREMENT=459 ;

--
-- Dumping data for table `user`
--

INSERT INTO `user` (`id_user`, `name`, `username`, `password`, `email`, `url_img_user`) VALUES
(40, 'irna', 'Irna Badriah', '75fa7119f59eabc074c91ab2e81a0308', 'irna@gmail.com', 'photo21955354.jpg'),
(41, 'Gina Gitawati', 'Gina Gitawati', '7df27de84ed79a46d75c7c57ad00f76f', 'gina@gmail.com', '9565111.jpg'),
(42, 'Sri Anggraeni ', 'sri', 'd1565ebd8247bbb01472f80e24ad29b6', 'sri@gmail.com', '5941111.jpg'),
(43, 'rizki adam kurniawan', 'pipit', '5c40ee0ae05c339a9f8502d29a49541d', 'pipit@gmail.com', '8786111.jpg'),
(44, 'Priyanka Jatmika', 'priyanka', 'e060bb629c10e1b143614cc1e9ccdc67', 'pri@gmail.com', '9227111.jpg'),
(48, 'Demo Usernaja', 'demo', 'fe01ce2a7fbac8fafaed7c982a04e229', 'pipit@gmail.com', '8786111.jpg'),
(53, 'zellkoeman', 'zellkoeman', 'b59c67bf196a4758191e42f76670ceba', 'zellkoeman@gmail.com', 'photo77280628.jpg'),
(55, 'Hardianty Rangny', 'hardiantyrangny', 'd41d8cd98f00b204e9800998ecf8427e', 'hardianty.rangny@gmail.com', 'hardiantyrangny.jpeg'),
(56, 'Pipit Anggi S', 'pipitanggi', 'd41d8cd98f00b204e9800998ecf8427e', 'mpitaza@gmail.com', 'pipitanggis.jpeg'),
(57, 'Neng Dewi Setiawati', 'nengdewi', 'd41d8cd98f00b204e9800998ecf8427e', 'ndewh.moe90@gmail.com', 'nengdewisetiawati.jpeg'),
(58, 'Icca Chinantya', 'iccachinantya', 'd41d8cd98f00b204e9800998ecf8427e', 'iccaparamita@gmail.com', 'iccachinantya.jpg'),
(59, 'Herlin', 'herlin', 'd41d8cd98f00b204e9800998ecf8427e', 'yuliani_herlin@yahoo.com', 'herlin.jpeg'),
(60, 'Riani', 'riani', 'd41d8cd98f00b204e9800998ecf8427e', 'rianisantosa@yahoo.co.id', 'rianiagus.jpeg'),
(61, 'Rizkika F', 'rizkika', 'd41d8cd98f00b204e9800998ecf8427e', 'chika_aries@ymail.com', 'rizkika.jpeg'),
(62, 'Anggun G', 'anggun', 'd41d8cd98f00b204e9800998ecf8427e', 'anggun182@gmail.com', 'anggun.jpeg'),
(63, 'Aprilia', 'aprilia', 'd41d8cd98f00b204e9800998ecf8427e', 'apriliasomadika@ymail.com', 'aprilia.jpg'),
(64, 'Nina', 'nina', 'd41d8cd98f00b204e9800998ecf8427e', 'winnaallmawi@gmail.com', 'winna.jpeg'),
(65, 'Reni Martianingrum', 'renimartianingrum', 'd41d8cd98f00b204e9800998ecf8427e', 'renimartia@gmail.com', 'renimartianingrum.jpeg'),
(66, 'Novera', 'novera', 'd41d8cd98f00b204e9800998ecf8427e', 'ovhelya@yahoo.com', 'novera.jpeg'),
(67, 'Dwi Januar fajarsari', 'dwijanuarfajarsari', 'd41d8cd98f00b204e9800998ecf8427e', 'uwiuwi590@gmail.com', 'dwijanuarfajarsari.jpeg'),
(68, 'Firla Rachmina', 'firlarachmina', 'd41d8cd98f00b204e9800998ecf8427e', 'dr_firla@yahoo.com', 'firla.jpeg'),
(69, 'Diena Rauda R', 'dienarauda', 'd41d8cd98f00b204e9800998ecf8427e', 'diena.rauda@gmail.com', 'diena.jpeg'),
(75, 'cobaaa', 'a', '0cc175b9c0f1b6a831c399e269772661', 'a', '2018111.jpg'),
(76, 'iii', 'b', '92eb5ffee6ae2fec3ad71c777531578f', 'b', '9256111.jpg'),
(77, 'Wulan Fitriani ', 'wulan', 'aae79912250d18756900f742270de7e1', 'wulan@gmail.com', '2739111.jpg'),
(78, 'Pipit Pitria', 'pipit', '5c40ee0ae05c339a9f8502d29a49541d', 'pipit@gmail.com', '8245111.jpg'),
(79, 'Rahayu Muggi Komala', 'muggirahayu', '0d56e69badc39219bf34d21bfab0c68b', 'bayuthnduth@gmail.com', '4618111.jpg'),
(80, 'mars anda', 'supermang', 'cb7e80ef6fe07b27c11c789a0cb3dd83', 'papskipapap@gmail.com', '4991111.jpg'),
(81, 'Adi', 'adi', 'e9b0bc30098f7f08970b9b1f0ea35f37', 'adictives@gmail.com', '8469111.jpg'),
(82, 'Windows Phone', 'wp7', '2bdfd9ccf5a78c3ec68ee9e1d90d2c1c', 'wp7@gmail.com', '561111.jpg'),
(83, 'irna badriah', 'irnabadriah', 'fe802d8b6ac42f93a5a1f92945a4ead2', 'nabtha_iebe@yahoo.com', '8463111.jpg'),
(84, 'ningrum taning', 'ningrum taning', '29b93e3fd83c17be8943d07ceb76061b', 'ningrumtaning@yahoo.com', '1198111.jpg'),
(85, 'test', 'andiisfh', 'f33c12db6b5673cace5ad5452b599248', 'andiisfh@andiisfh.com', '1408111.jpg'),
(86, 'Faridha Rahmawati', 'rahmafaridha', 'e79c7323f62151abde47e29987b38859', 'faridharahmaxiia3@gmail.com', '4828111.jpg'),
(87, 'Android Hyjabs', 'android', 'c31b32364ce19ca8fcd150a417ecce58', 'ndroid@gmail.com', '385111.jpg'),
(88, 'Annisa Zahra', 'annisazahhra', '07ebbd1996271b8159ff0a706009ba1d', 'annisazahhra@gmail.com', '5254111.jpg'),
(89, 'Vina Sectiana', 'vsectia', '2b5e7fea0afdbb6d0db195915d92b43d', 'vsectia@gmail.com', '8621111.jpg'),
(90, NULL, 'ekatati', '36011e6ab4b7080ad74ecbe68aec206b', 'katati_inahdamhar@yahoo.com', NULL),
(91, 'Yani purwanti', 'ypyani', '2ecdf565d44933226cc6709c761c0acd', 'ypyanny@gmail.com', '799111.jpg'),
(92, 'nurul nurma santi', 'nurulns', '58489dcd9dec8735b1bcc959bfd3e203', 'uyyungheler@gmail.com', '6508111.jpg'),
(93, 'tester', 'test', '098f6bcd4621d373cade4e832627b4f6', 'test@gmail.com', '658111.jpg'),
(94, 'anka ku', 'ankaku', '8fbf55fd2c6a2eaed6debd0b96343b6c', 'saveme.blues@gmail.com', '5633111.jpg'),
(95, 'artha', 'artha', '400a35011bd77373e82dd34e58f1e331', 'ahmadhartaji@gmail.com', NULL),
(96, 'Nur Anisa K. Putri', 'nuranisakputri', 'b20f2e1d6f5f16b69397c9ffafc7f762', 'nuranisakurniaputri@rocketmail.com', '9717111.jpg'),
(97, 'Wiena Shihab', 'Wiena', 'd1916a28d68cdef91cd67b67493e3be9', 'karyawinajar@gmail.com', '9892111.jpg'),
(98, 'Febrian Doni', 'donikhun', 'c20ad4d76fe97759aa27a0c99bff6710', 'donikhun@gmail.com', '6006111.jpg'),
(99, NULL, 'ririn04', '8c134b5f18a79ac85952069fcbab66eb', 'ririn04aisyah@gmail.com', NULL),
(100, NULL, 'Eliza Amelia', 'ece033f70e2e32f446f81c7172d7fb7f', 'elizaamelia18@gmail.com', NULL),
(101, NULL, 'hesti', '599e88aa0469b19ed32b4c4de7f9d724', 'faheza_hst@yahoo.com', NULL),
(102, 'Visca Rizqi', 'AdelVisca', 'ee677b8cda49d2005272e0a5999ef4ea', 'Fb.Denir@gmail.com', '8333111.jpg'),
(103, 'Anggraeni Permatasari', 'Anggraeni Permatasari', 'f4067538258889465a3b0ebeba21ddb2', 'anggi1594@yahoo.co.id', '2904111.jpg'),
(104, 'chicha lisna hartanti', 'ichiez', '7edb3e6f320e449b350b08528f39c468', 'crist.biolicious@gmail.com', '8180111.jpg'),
(105, 'fauziah', 'fauziah', '8408ac93eb13bf6caa26a87dd3b205b7', 'al.uzhi@gmail.com', '5367111.jpg'),
(106, 'leliiana purnamasari', 'leliiana', 'a65c5436f8d701b4cd5db54e80c7ae90', 'leliiana.purnama@gmail.com', '2853111.jpg'),
(107, 'Rere', 'rere', 'bd134207f74532a8b094676c4a2ca9ed', 'thaliaddict@gmail.com', '963111.jpg'),
(108, NULL, 'agk', '97f44ea6920615ae2cc14f9fe5be7356', 'suratsofya@gmail.com', NULL),
(109, 'anggi', 'agk', '97f44ea6920615ae2cc14f9fe5be7356', 'suratsofya@gmail.com', '9736111.jpg'),
(110, 'Astrid Darmawan', 'astrid', '8f314de39f9f2da2ce7d63d3e9b96144', 'as3d.one19@yahoo.com', '7444111.jpg'),
(111, 'hanifan rangkuti', 'hanifa', 'e10adc3949ba59abbe56e057f20f883e', 'hanifarangkuti@yahoo.com', '1114111.jpg'),
(112, 'Siti Syarach', 'syarach23', '29f286cd89aef009fb210cb1a5a49c18', 'syarach2311@gmail.com', '5254111.jpg'),
(113, 'nirmala indriyani', 'nirmala_anet', '39b2d9ab41f56da33f9070342054b26e', 'nirmalaindriyani@gmail.com', '8630111.jpg'),
(114, 'dheahijab online', 'dheahijabonline', 'd562446df8d72754cbd61fb40a3bbacf', 'dheasytapratiwi@gmail.com', NULL),
(115, 'astrid', 'astridmeidita', 'f7d0ac98edfdfb303d5172461acf8322', 'astrid.caur@gmail.com', '9395111.jpg'),
(116, NULL, 'ika_pinky', 'f8a38798c11348e653a57b6fd77e181f', 'ika_pinky@yahoo.com', NULL),
(117, 'Yurika Fauzia Wardhani', 'ika_pinky', 'f8a38798c11348e653a57b6fd77e181f', 'ika_pinky@yahoo.com', '3184111.jpg'),
(118, 'iqbal', 'iqbal', '307a36d2420754f21a8cd08e494003c4', 'just.iqball@gmail.com', '6904111.jpg'),
(119, NULL, 'mexan', 'ddb101ef8eb8af4181af3ac4519715f9', 'mexan', NULL),
(120, 'Mexan Judha', 'mexan', 'ddb101ef8eb8af4181af3ac4519715f9', 'mexan', '8506111.jpg'),
(121, '', 'nurulakromah', '7b15c3dd57c14d1e72251f497ed4b86f', 'saiiaulul22@gmail.com', NULL),
(122, NULL, 'andraokta', '4af298444a3c87d9fdd2ffc9d4bccd08', 'andraokta@hotmail.com', NULL),
(123, NULL, 'andraokta', '4af298444a3c87d9fdd2ffc9d4bccd08', 'andraokta@hotmail.com', NULL),
(124, 'Muthia', 'muthisuju', '03e18667be491dc4cc1fb71eed80fccf', 'muthisuju@gmail.com', '2289111.jpg'),
(128, 'Alvin Fadillah', 'alvinhidro', '2f8dc2579aa62fcf69f25e72a5d8e601', 'fadillah_black@yahoo.com', '5568111.jpg'),
(129, NULL, 'vieichwan', 'fd295507803217612ea444aa2284e995', 'vieichwan@yahoo.com', NULL),
(130, 'Fitri Ade', 'fitriade', '46f94c8de14fb36680850768ff1b7f2a', 'adhe_v3@yahoo.co.id', '6883111.jpg'),
(131, NULL, 'Dwi Putri Juniastika Agrippina', '6395c521d0c666e16c90a0cc20e86808', 'djagrippina@ymail.com', NULL),
(132, 'Dwi Putri Juniastika Agrippina', 'Dwi Putri Juniastika Agrippina', '6395c521d0c666e16c90a0cc20e86808', 'djagrippina@ymail.com', '3702111.jpg'),
(133, NULL, 'evie', 'cd6121d51da5b4b4728a1c1665deb5dd', 'vie_ckp@yahoo.co.id', NULL),
(134, 'ahmad', 'ojan', '57551cb51d38c51417f5abfeacfb9b13', 'ahmadpaudji@gmail.com', '3114111.jpg'),
(135, NULL, 'atep38', '110cea74cf52e41ead691dccdf75f27b', 'atep38@gmail.com', NULL),
(136, 'kartika dani lestari', 'tikaaa', '5ef3b52bf2d948fb88bd38aa5e244246', 'biologyfocus@gmail.com', '7710111.jpg'),
(137, NULL, 'nurul fitria', '651fa08241c475805f0d3c4bd553156b', 'fietzvictoria@yahoo.com', NULL),
(138, '\n\nrima', 'rima', '681c1fbfdeb5765ab15c9e06eff8e1ee', 'rima_resmia@ymail.com', '5393111.jpg'),
(139, 'istiqomah', 'sie_istie', '6155d9d73d9f945bfba8308e9eae79e4', 'istiqomah.2401@gmail.com', '91111.jpg'),
(140, 'Dewiatri', 'Taenia', 'd41d8cd98f00b204e9800998ecf8427e', 'Tia@dewanstudio.com', 'image.jpg'),
(141, NULL, 'depit', '1fe714bcc94f46da08efb16ab7da6680', 'depit24@gmail.com', NULL),
(142, NULL, 'santi_mutz17@yahoo.com', 'cbdca7a02eca5e81aa8ff9065769318b', 'santi_mutz17@yahoo.com', NULL),
(143, NULL, 'santi', 'd5c186983b52c4551ee00f72316c6eaa', 'santi_mutz17@yahoo.com', NULL),
(144, NULL, 'rinny chandra', '03717d3cbf990570e34b9618f9ea2442', 'rinny_chandra@yahoo.co.id', NULL),
(145, NULL, 'cangroy', 'd8e73cfe3312d2efe6bd478acda6a0b6', 'ronyzulkarnaen@yahoo.com', NULL),
(146, 'tuti lestari', 'tuti', 'f3bab21fe648634117ba2e1d70b09740', 'tuti.lestari877@gmail.com', NULL),
(147, 'chaca mareta', 'chaca', 'abae45a04e5da8bc0cbf2adf63115fa8', 'chachashinoda@yahoo.com', '2470111.jpg'),
(148, 'mei sri pangestin', 'mei sri pangestin', '0e987a3e88814566657aed9e53e38328', 'mspangestin@gmail.com', '9131111.jpg'),
(149, NULL, 'elok', '52d080a3e172c33fd6886a37e7288491', 'eloklukitarini@yahoo.com', NULL),
(150, 'lukmanul hakim', 'lukman', 'e9b0bc30098f7f08970b9b1f0ea35f37', 'lukilukmanul.hakim@yahoo.com', '7987111.jpg'),
(151, 'puteri noor h', 'puteri', '9c6abfa828700904d6bb4f5e086588b0', 'puteriputeriputeri@gmail.com', '4940111.jpg'),
(152, 'Gen Tisya', 'gentisya', '0a6a55a559b779680eacb46998d09d61', 'gentisya3mardiani@gmail.com', '6139111.jpg'),
(153, NULL, 'yennyhermawati', '60cc1b8493711eee88a68b984bd930ab', 'yennyhermawati@gmail.com', NULL),
(154, NULL, 'lusia', 'bed945e0718a876291b22dd13f70586a', 'yonkiariwi@ymail.com', NULL),
(155, NULL, 'faiz''icha ace', '951887eb3a858af30d21ee6929bb3587', 'anni.dj19@gmail.com', NULL),
(156, NULL, 'Uchie', '69c763a4d73b8272fa75abbe2242bea6', 'uchie98@ymail.com', NULL),
(157, NULL, 'Maryathie', '4cd844c222f888624bb10eb0d42c6bcb', 'onlyme.marr@gmail.com', NULL),
(158, NULL, 'azura', '736879f25316e1c1a7b5f618bc1ce472', 'cakcakmurag@yahoo.com', NULL),
(159, 'Yuni R.', 'apeyepeye', 'bc9f75b5d628b6306923b4e6fdb15dc1', 'ap3y3_p3y3@yahoo.co.id', '4853111.jpg'),
(160, NULL, 'novia', '2167fcf808b8f383e7e44e25305a08a8', 'purnamasarinovia@yahoo.co\n.id', NULL),
(161, NULL, 'novia purnama sari', '2167fcf808b8f383e7e44e25305a08a8', 'purnamasarinovia@yahoo.co.id', NULL),
(162, NULL, 'novia', '0acf03f408f90ea0dcba786d300620db', 'purnamasarinovia@yahoo.co.id', NULL),
(163, 'Nurlaela Kurnia Rahayu', 'nkduabelas', '3ffa2d291190e5cc529891306d64a821', 'nk.duabelas@yahoo.com', '8393111.jpg'),
(164, NULL, 'nissa', '35d529874051e396c109500d1d707c90', 'nissa_geminix@yahoo.co.id', NULL),
(165, NULL, 'rina', '0db2e6dcea078e8e00cf668fbbfc3774', 'okhanrina@yahoo.co.id', NULL),
(166, NULL, 'firda', '0ff6c3ace16359e41e37d40b8301d67f', 'rizkiyah_firda@yahoo', NULL),
(167, NULL, 'anisa lestari', '5cffafbfa351704e5bd68f066d57bb64', 'annisa_dbs@yahoo.co.id', NULL),
(168, 'indrihapsari', 'indrihapsa', '1e78268ad2fcaef5ebb7c80cc9ff7f58', 'indri.hapsari@rocketmail.com', '7114111.jpg'),
(169, NULL, 'rina', 'b53a598b88ccb8c41cd19413871ed02a', 'rina.agustin@rocketmail.com', NULL),
(170, NULL, 'rina', 'b53a598b88ccb8c41cd19413871ed02a', 'rina.agustin82@gmail.com', NULL),
(171, 'feby andias\n\n', 'FebyAnds', '9dabb0329255db7686e30e51b7474dfc', 'febyschatzi@gmail.com', '6599111.jpg'),
(172, NULL, 'fikhanza', 'fb378c755630c15a5581b040bdf6e07a', '', NULL),
(173, 'fikhanza', 'fikhanza', 'fb378c755630c15a5581b040bdf6e07a', 'imajitanpajeda@gmail.com', '5607111.jpg'),
(174, 'PL', 'fajarcahyono', '22518bb08ae8caaada2da598f3f16233', 'fajarcahyonobpr@gmail.com', '7067111.jpg'),
(175, 'Irna Badriah', 'irna', '75fa7119f59eabc074c91ab2e81a0308', 'irnabadriah@gmail.com', '9804111.jpg'),
(176, 'Restyawati\n\n', 'resty', '477fc72852686f57b8a86da7a61ed27a', 'restybubby@gmail.com', '6779111.jpg'),
(177, NULL, 'wawa', '1d74532f9f1977468454602d6c0d8936', 'wowo@wowo.com', NULL),
(178, 'resmi novianti', 'resmi', 'bfc9a9216cc277146adcc91582458b33', 'novianti.resmi@gmail.com', NULL),
(179, 'honesty', 'honesty', '3bf8ea0ffa42163e666bb79011124314', 'honestydahnil@gmail.com', '5729111.jpg'),
(180, 'hanifa padanta', 'hanifa', '0d5521748dd071d911ea1b4a66ea3f1a', 'hanifa_rangkuti@yahoo.com', '1649111.jpg'),
(181, 'ajeng nareswari hakiki', 'ajengnh', 'd8578edf8458ce06fbc5bb76a58c5ca4', 'yafians@gmail.com', NULL),
(182, NULL, 'rancincun', '657224a452289277f47f2a4556dcf064', 'rancincun@yahoo.com', NULL),
(183, 'Hendri', 'situkangsayur', 'ac43724f16e9241d990427ab7c8f4228', 'situkangsayur@gmail.com', '8669111.jpg'),
(184, 'Type your name here...', 'Type your username here...', '912ec803b2ce49e4a541068d495ab570', 'kisti@hotmail.com', NULL),
(185, NULL, 'Douu', '912ec803b2ce49e4a541068d495ab570', 'kisti@hotmail.com', NULL),
(186, NULL, 'Douu', '912ec803b2ce49e4a541068d495ab570', 'kisti@hotmail.com', NULL),
(187, NULL, 'Douu', '912ec803b2ce49e4a541068d495ab570', 'kisti@hotmail.com', NULL),
(188, NULL, 'Douu', '912ec803b2ce49e4a541068d495ab570', 'kisti@hotmail.com', NULL),
(189, NULL, 'Douu', '912ec803b2ce49e4a541068d495ab570', 'kisti@hotmail.com', NULL),
(190, 'Tester', 'Tester', '7f2ababa423061c509f4923dd04b6cf1', 'gt_wptester@live.com', NULL),
(191, 'alice', 'Tester', '7f2ababa423061c509f4923dd04b6cf1', 'jsjdkd@hotmail.com', 'photo55740287.jpg'),
(192, NULL, '', 'd41d8cd98f00b204e9800998ecf8427e', '', NULL),
(193, 'test', 'gtwptester', '7f2ababa423061c509f4923dd04b6cf1', 'generictester670@gmail.com', 'photo86188950.jpg'),
(194, NULL, 'saya', '20c1a26a55039b30866c9d0aa51953ca', 'saya@saya.com', NULL),
(195, 'Nindi Yusdariani', 'nindiyusdaa', 'af939adacf88f1b399256d2401de0485', 'micchikeichi@gmail.com', '5957111.jpg'),
(196, 'Siti Zulaeha', 'ehaa', '45c0540ba4e21fbc5556e4b9a1c706e4', 'sizu2206@gmail.com', '3019111.jpg'),
(197, 'Kiki', 'Adhis', '5f4dcc3b5aa765d61d8327deb882cf99', 'Blah@yahoo.com', '5477111.jpg'),
(198, 'rizka septiyani', 'rizka', '7965c82127bd8517d2495e8efb12702c', 'rizkaseptiprasetyo@ymail.com', '3112111.jpg'),
(199, '', 'mamaaqilla', '480ddf670a406a19340ea109247650b0', 'noer77siti@gmail.com', NULL),
(200, NULL, 'tesna', '59a26470a9e2d5141d5dd829a40f4669', 'ajengtesnamulya@gmail.com', NULL),
(201, NULL, 'tesna', '59a26470a9e2d5141d5dd829a40f4669', 'ajengtesnamulya@gmail.com', NULL),
(202, 'Ajeng Tesna ', 'tesna', '59a26470a9e2d5141d5dd829a40f4669', 'ajengtesnamulya@gmail.com', '1715111.jpg'),
(203, NULL, 'rahayu', '81dc9bdb52d04dc20036dbd8313ed055', 'putzboedakmuhi@rocketmail.com', NULL),
(204, NULL, 'Gkm', 'd8578edf8458ce06fbc5bb76a58c5ca4', 'gt.wptester@gmail.com', NULL),
(205, '', 'Gkm', 'd8578edf8458ce06fbc5bb76a58c5ca4', 'gt.wptester@gmail.com', NULL),
(206, 'Type your name here...', 'Gnanesh', '040b7cf4a55014e185813e0644502ea9', 'generictester@gmail.com', NULL),
(207, 'uniarti', 'moony', '5a9a3b8be9f316a6bcb78829644c63b9', 'uniarti.rhe@gmail.com', '4225111.jpg'),
(208, 'diah komalasari', 'diahksr', 'e5d04fb56014044ecc9a4103dbc18f42', 'diah.komalasari93@gmail.com', '4282111.jpg'),
(209, '', 'adelia', '82f56fd22072c1ec3b75531617237b53', 'adelia_aisyah31@yahoo.co.id', '9557111.jpg'),
(210, NULL, 'rachmi', '1b69a2727ef33f6ffbc0a76015028ccb', 'rachmi927@gmail.com', NULL),
(211, 'Type your name here...', 'Gtwptest', 'cc03e747a6afbbcbf8be7668acfebee5', 'gt.wptester@gmail.com', 'photo62125023.jpg'),
(212, 'Risvi', 'Rismiza', '7d6be52cbf4c4b0f816b9d09d67d3031', 'rismiza_vitia@yahoo.com', 'photo69724426.jpg'),
(213, NULL, 'Tyokusuma', 'e1568f39d4c61c76dbb6ce2663a72b82', 'tyoaris21@gmail.com', NULL),
(214, 'Type your name here...', 'Tyokusuma', 'e1568f39d4c61c76dbb6ce2663a72b82', 'tyoaris21@gmail.com', NULL),
(215, 'Dwi Ariani', 'dwiiiar', 'f95e1fe8b74e5743772fa3e8b4449ee4', 'dwiiiar@yahoo.com', NULL),
(216, NULL, 'Chika', '9ff90b13e5b1ce54e0f28af6b395f73c', 'chika_irafdza@yahoo.com', NULL),
(217, NULL, 'Chika', '9ff90b13e5b1ce54e0f28af6b395f73c', 'chika_irafdza@yahoo.com', NULL),
(218, 'Ana', 'Type your username here...', 'd41d8cd98f00b204e9800998ecf8427e', '', 'photo2570848.jpg'),
(219, 'Type your name here...', 'Zamzam', '25f9e794323b453885f5181f1b624d0b', 'saynab14@hotmail.com', 'photo21158373.jpg'),
(220, 'Type your name here...', '', 'd41d8cd98f00b204e9800998ecf8427e', '', 'photo65727173.jpg'),
(221, NULL, 'ani', 'e7fa17744e79b35e0959b7cbf7838ab0', 'shella.waty09@gmail.com', NULL),
(222, 'haninah', 'hani', '90c84f7aef292aa43720917ce650b9bb', 'ahwal1905@gmail.com', '1480111.jpg'),
(223, 'Type your name here...', 'Callnet', 'dfec818b85ec90270b45721aadd7082d', 'callnet002@hotmail.com', NULL),
(224, 'Type your name here...', 'Tyara', '1902d388d14c2da06123a2de6b7930b2', 'tyara1992@yahoo.com', 'photo47196755.jpg'),
(225, 'kristina', 'Umjalil', 'fa8e37d9c9dd0caa07abfa06f1e17c01', 'ya.kukis@yandex.ru', 'photo44696168.jpg'),
(226, NULL, 'Umjalil', 'fa8e37d9c9dd0caa07abfa06f1e17c01', 'ya.kukis@yandex.ru', NULL),
(227, 'Fabrizia Ravelina', 'Ravelinaaa', 'cda2c99fbf5e19f20d331299c15a4491', 'fraveliyogantara@ymail.com', '7154111.jpg'),
(228, NULL, '', 'd41d8cd98f00b204e9800998ecf8427e', '', NULL),
(229, 'Elsa Dewi Rahma', 'elderaya', '84a3a26a5143fc5debabee0789f5ae30', 'elderaya@yahoo.com', 'photo94241816.jpg'),
(230, NULL, 'elderaya', '84a3a26a5143fc5debabee0789f5ae30', 'elderaya@yahoo.com', NULL),
(231, 'Type your name here...', '', 'd41d8cd98f00b204e9800998ecf8427e', '', NULL),
(232, NULL, '', 'd41d8cd98f00b204e9800998ecf8427e', '', NULL),
(233, NULL, '', 'd41d8cd98f00b204e9800998ecf8427e', '', NULL),
(234, 'rismi', 'Rismi', '66033dc30ba1596ffc8dbb12b788fa7c', 'riez_me22@yahoo.com', NULL),
(235, NULL, '', 'd41d8cd98f00b204e9800998ecf8427e', '', NULL),
(236, 'Type your name here...', 'sigitripandi', 'dfff02ee86f3e8fc332bf74eb0e64a6c', 'sigitripandisfc@gmail.com', NULL),
(237, 'Type your name here...', 'sigitripandi', 'dfff02ee86f3e8fc332bf74eb0e64a6c', 'sigitripandisfc@gmail.com', 'photo51665970.jpg'),
(238, 'Type your name here...', 'Imell', 'b2be0be5b219e67e01a844af722111e2', 'imel_haidar@yahoo.com', 'photo69922518.jpg'),
(239, 'Lina', 'Imell', 'b2be0be5b219e67e01a844af722111e2', 'imel_haidar@yahoo.com', 'photo34113582.jpg'),
(240, 'putri', 'Icha', '828c88f34ecb4c1ca8d89e018c6fad1a', 'ichaputridm@gmail.com', NULL),
(241, 'Type your name here...', '', 'd41d8cd98f00b204e9800998ecf8427e', '', 'photo88339818.jpg'),
(242, NULL, '', 'd41d8cd98f00b204e9800998ecf8427e', '', NULL),
(243, NULL, '', 'd41d8cd98f00b204e9800998ecf8427e', '', NULL),
(244, NULL, 'Bellaputri', 'befb4adab371796a04bd55aaa6a2e126', 'bellaputri777@yahoo.com', NULL),
(245, NULL, 'Bellaputri', 'befb4adab371796a04bd55aaa6a2e126', 'bellaputri777@yahoo.com', NULL),
(246, 'Type your name here...', 'Ztn', '180fe642b6d185fcd2d6cd7ecc842d77', 'srh-wt@hotmail.fr', 'photo78956814.jpg'),
(247, 'Type your name here...', 'Anggi', '70c80099088fe5d8718e0dfbecef45fb', 'putriirani9@gmail.com', 'photo17213730.jpg'),
(248, NULL, 'Anggi', '70c80099088fe5d8718e0dfbecef45fb', 'putriirani9@gmail.com', NULL),
(249, NULL, 'Anggi', '70c80099088fe5d8718e0dfbecef45fb', 'putriirani9@gmail.com', NULL),
(250, NULL, 'Sheila', '138b9398be765037cf628c33ca6eb6d2', 'sheilashalsa@gmail.com', NULL),
(251, NULL, 'Sheila', '138b9398be765037cf628c33ca6eb6d2', 'sheilashalsa@gmail.com', NULL),
(252, 'hibaa', 'Hibayousaf', 'e10adc3949ba59abbe56e057f20f883e', 'hibayousaf@gmail.com', 'photo75990664.jpg'),
(253, NULL, 'Hibayousaf', 'e10adc3949ba59abbe56e057f20f883e', 'hibayousaf@gmail.com', NULL),
(254, 'Type your name here...', 'Jawa123', '25f9e794323b453885f5181f1b624d0b', 'tito_modo1994@yahoo.com', NULL),
(255, 'Type your name here...', 'Jawa123', '25f9e794323b453885f5181f1b624d0b', 'tito_modo1994@yahoo.com', 'photo85660552.jpg'),
(256, NULL, 'Imel78', '8381acc36cb2331db951effb48d92a6b', 'imel_haidar@yahoo.com', NULL),
(257, NULL, 'Imel78', '8381acc36cb2331db951effb48d92a6b', 'imel_haidar@yahoo.com', NULL),
(258, NULL, 'Dekha', 'a932556fc7b662ddc879b8497c419e7c', 'rezkyekhajumiati@yahoo.com', NULL),
(259, NULL, 'Dekha', 'a932556fc7b662ddc879b8497c419e7c', 'rezkyekhajumiati@yahoo.com', NULL),
(260, 'Type your name here...', 'Deya Kartika', '04a083b908fe5a11025cbbe2962a4bf6', 'dde.kartika@gmail.com', 'photo92748513.jpg'),
(261, NULL, 'Deya Kartika', '04a083b908fe5a11025cbbe2962a4bf6', 'dde.kartika@gmail.com', NULL),
(262, NULL, '', 'd41d8cd98f00b204e9800998ecf8427e', '', NULL),
(263, 'Type your name here...', 'Anny3jayanti', '477201c91d06478cb2828771acea1655', 'annytrijayanti@gmail.com', 'photo47319495.jpg'),
(264, 'Type your name here...', 'Teenmisha', '53769b0318f308238785112a61cf8cc6', 'nazirsamira@ymail.com', NULL),
(265, NULL, 'elis_aph@yahoo.com', '8689098753f01211513e6d226247d2a4', 'elis_aph@yahoo.com', NULL),
(266, NULL, 'elis_aph@yahoo.com', '8689098753f01211513e6d226247d2a4', 'elis_aph@yahoo.com', NULL),
(267, NULL, '', 'd41d8cd98f00b204e9800998ecf8427e', '', NULL),
(268, 'Decy', 'Decici91', '4d73eeb3bcefd312ad7ab08c40803f15', 'decici91@gmail.com', 'photo73381821.jpg'),
(269, NULL, 'Decici91', '4d73eeb3bcefd312ad7ab08c40803f15', 'decici91@gmail.com', NULL),
(270, 'decy', 'Decici91', '4d73eeb3bcefd312ad7ab08c40803f15', 'decici91@gmail.com', 'photo74790916.jpg'),
(271, 'Thubusum', 'Thubusum', 'd7879434b66cb95d5ffc41338e0ef518', 'tbibi@outlook.com', NULL),
(272, NULL, 'Thubusum', 'd7879434b66cb95d5ffc41338e0ef518', 'tbibi@outlook.com', NULL),
(273, NULL, 'Thubusum', 'd7879434b66cb95d5ffc41338e0ef518', 'tbibi@outlook.com', NULL),
(274, NULL, 'Thubusum', 'd7879434b66cb95d5ffc41338e0ef518', 'tbibi@outlook.com', NULL),
(275, '', 'Thubusum', 'd7879434b66cb95d5ffc41338e0ef518', 'tbibi@outlook.com', 'photo71818570.jpg'),
(276, NULL, '', 'd41d8cd98f00b204e9800998ecf8427e', '', NULL),
(277, NULL, '', 'd41d8cd98f00b204e9800998ecf8427e', '', NULL),
(278, NULL, 'Fera', 'f3a9c132ab8741890f26ace3c21075d0', 'ferawati.ef.ubli@gmail.com', NULL),
(279, NULL, '', 'd41d8cd98f00b204e9800998ecf8427e', '', NULL),
(280, 'Type your name here...', 'Lia', '1e97886c24e68775cde7e3b537dd9587', 'liamoet@rocketmail.com', 'photo28728784.jpg'),
(281, 'SondiaQD', 'SondiaQD', '05dc4be3550a5f2ec6bdb5e3a2fc5059', 'sondi.qhisti@gmail.com', NULL),
(282, NULL, 'SondiaQD', '05dc4be3550a5f2ec6bdb5e3a2fc5059', 'sondi.qhisti@gmail.com', NULL),
(283, NULL, 'SondiaQD', '05dc4be3550a5f2ec6bdb5e3a2fc5059', 'sondi.qhisti@gmail.com', NULL),
(284, NULL, 'SondiaQD', '05dc4be3550a5f2ec6bdb5e3a2fc5059', 'sondi.qhisti@gmail.com', NULL),
(285, NULL, 'SondiaQD', '05dc4be3550a5f2ec6bdb5e3a2fc5059', 'sondi.qhisti@gmail.com', NULL),
(286, NULL, 'SondiaQD', '05dc4be3550a5f2ec6bdb5e3a2fc5059', 'sondi.qhisti@gmail.com', NULL),
(287, NULL, 'SondiaQD', '05dc4be3550a5f2ec6bdb5e3a2fc5059', 'sondi.qhisti@gmail.com', NULL),
(288, NULL, 'SondiaQD', '05dc4be3550a5f2ec6bdb5e3a2fc5059', 'sondi.qhisti@gmail.com', NULL),
(289, NULL, 'SondiaQD', '05dc4be3550a5f2ec6bdb5e3a2fc5059', 'sondi.qhisti@gmail.com', NULL),
(290, NULL, 'SondiaQD', '05dc4be3550a5f2ec6bdb5e3a2fc5059', 'sondi.qhisti@gmail.com', NULL),
(291, NULL, 'SondiaQD', '05dc4be3550a5f2ec6bdb5e3a2fc5059', 'sondi.qhisti@gmail.com', NULL),
(292, 'Type your name here...', '', 'd41d8cd98f00b204e9800998ecf8427e', '', 'photo86500882.jpg'),
(293, NULL, 'Nila', '3ca25b200bf9272183de00e7aec16165', 'fillyrosa@gmail.com', NULL),
(294, 'Type your name here...', 'Lama', 'e2fe972410f3ad6c7ac9e933594c51d4', 'asrer_lama@live.fr', 'photo78120334.jpg'),
(295, 'elghachi', 'Youssef', '672c88573581e8268c4f83bd9e35a9b5', 'marantartico2012@gmail.com', 'photo61394483.jpg'),
(296, 'Betty', 'Betty', '5790b6d26bd73f15fe739f87c3a5d5e5', 'hai_betty@yahoo.com', NULL),
(297, 'Type your name here...', 'Midou', 'e2fc714c4727ee9395f324cd2e7f331f', 'midou2737@live.fr', 'photo86484073.jpg'),
(298, 'kamilA', '', 'd41d8cd98f00b204e9800998ecf8427e', '', NULL),
(299, NULL, '', 'd41d8cd98f00b204e9800998ecf8427e', '', NULL),
(300, NULL, '', 'd41d8cd98f00b204e9800998ecf8427e', '', NULL),
(301, NULL, 'hana', '3bac3b38afa8e13f1c6094294e2dc7b3', 'hanahaniefah@gmail.com', NULL),
(302, 'Type your name here...', 'Hanifah', 'af22dca357e648312b54a443136548ea', 'hanifatussadyah_hani@yahoo.com', 'photo80254393.jpg'),
(303, NULL, 'Hanifah', 'af22dca357e648312b54a443136548ea', 'hanifatussadyah_hani@yahoo.com', NULL),
(304, NULL, 'Winy', '665bcbafed3945a02e84d34e0f616022', 'winy_cutie@yahoo.com', NULL),
(305, 'Type your name here...', 'Winy', '665bcbafed3945a02e84d34e0f616022', 'winy.vinarni@yahoo.com', 'photo5075806.jpg'),
(306, NULL, 'Lia20', 'd02dc484f1b3cb06e808b5063336bb75', 'nukngikcumi@yahoo.co.id', NULL),
(307, 'Zenny Andikasari', 'Zenny andikasari', '5b08bb559a519e654af221970482c6b7', 'zenniandikasari@yahoo.co.id', 'photo7576153.jpg'),
(308, NULL, 'ajengnurdini', 'c44a1fa478242a788a535ffb46ec050a', 'ajengnurdini990@gmail.com', NULL),
(309, NULL, 'ajeng', 'c44a1fa478242a788a535ffb46ec050a', 'ajengnurdini990@gmail.com', NULL),
(310, 'kartini', 'Kartini', '508994ba1d02531e88feae95246b9d30', 'k.kartiney@yahoo.co.id', 'photo91780948.jpg'),
(311, NULL, 'Reisa (Ichanq)', '6ada12b5efa6603d77a3e39d61b8965c', 'reisa_ak@yahoo.com', NULL),
(312, NULL, 'Reisa (Ichanq)', '6ada12b5efa6603d77a3e39d61b8965c', 'reisa_ak@yahoo.com', NULL),
(313, NULL, 'Reisa (Ichanq)', '6ada12b5efa6603d77a3e39d61b8965c', 'reisa_ak@yahoo.com', NULL),
(314, NULL, 'Zulfa husseyn', 'a53273a04d4cd2c89ebeb6b31809fddc', '0687 117472', NULL),
(315, 'Type your name here...', 'Alika', '4c3d4dfc75a297ed47c49369dd82901c', 'pramonoagus303@gmail.com', NULL),
(316, NULL, 'Siti nurjanah', '152261397c440be92c5847d2e2ea688e', '+6285776196564', NULL),
(317, 'Type your name here...', 'Devii', '2991f2053a5c0e695521f638070f72b1', 'putri_masila@ymail.com', 'photo44789327.jpg'),
(318, 'Type your name here...', '', 'd41d8cd98f00b204e9800998ecf8427e', '', NULL),
(319, 'Type your name here...', 'Eskimo3', 'a78d9c1d169f71c373894cba326e8abb', '', NULL),
(320, NULL, '', 'd41d8cd98f00b204e9800998ecf8427e', '', NULL),
(321, NULL, '', 'd41d8cd98f00b204e9800998ecf8427e', '', NULL),
(322, NULL, '', 'd41d8cd98f00b204e9800998ecf8427e', '', NULL),
(323, NULL, '', 'd41d8cd98f00b204e9800998ecf8427e', '', NULL),
(324, 'Type your name here...', 'Dwi subekti', '702c1e99a9fd7ae53469ba0f8e2df787', 'dwisubekti234@gmail.com', 'photo23462198.jpg'),
(325, NULL, 'Dwi subekti', '702c1e99a9fd7ae53469ba0f8e2df787', 'dwisubekti234@gmail.com', NULL),
(326, 'Type your name here...', 'Jullie andaresta', '32e04dcd58d719ce926a71bb906a05de', 'antieyulie58@rocketmail.com', 'photo49420265.jpg'),
(327, 'Type your name here...', 'Endah retno', 'e021b188afa4cbe2d899a724f2a10ced', 'endah_retno@ymail.com', 'photo64350102.jpg'),
(328, 'Type your name here...', 'Andini', '95ffb7a15f02c6c23f403edeae956a42', 'islamitaa@yahoo.com', NULL),
(329, NULL, 'Andini', '95ffb7a15f02c6c23f403edeae956a42', 'islamitaa@yahoo.com', NULL),
(330, NULL, '', 'd41d8cd98f00b204e9800998ecf8427e', '', NULL),
(331, '', 'Yani Tri Ramadhani', '33879663bcc8666d68df105b2d049719', 'yanitriramadhani@yahoo.com', 'photo4275939.jpg'),
(332, NULL, 'Ani', 'c03acc222a3425feabb2cf9ef33c48c2', '', NULL),
(333, 'Type your name here...', 'cici', '0dfa93a5177b178517627a0247389b4c', 'sri.lestari911@yahoo.com', NULL),
(334, NULL, 'cici', '0dfa93a5177b178517627a0247389b4c', 'sri.lestari911@yahoo.com', NULL),
(335, NULL, 'cici', '0dfa93a5177b178517627a0247389b4c', 'sri.lestari911@yahoo.com', NULL),
(336, NULL, 'cici', '0dfa93a5177b178517627a0247389b4c', 'sri.lestari911@yahoo.com', NULL),
(337, NULL, 'cici', '0dfa93a5177b178517627a0247389b4c', 'sri.lestari911@yahoo.com', NULL),
(338, NULL, 'cici', '0dfa93a5177b178517627a0247389b4c', 'sri.lestari911@yahoo.com', NULL),
(339, NULL, 'cici', '0dfa93a5177b178517627a0247389b4c', 'sri.lestari911@yahoo.com', NULL),
(340, NULL, 'Yabnesh', 'd931062e826e1d6b56e345b0af418ac1', 'yabneshdixon@gmail.com', NULL),
(341, NULL, 'Yabnesh', 'd931062e826e1d6b56e345b0af418ac1', 'yabneshdixon@gmail.com', NULL),
(342, 'Type your name here...', 'Keneishia', '6a5665442d4098acc13aebeb68ec7691', 'keneishia12@gmail.com', 'photo59534520.jpg'),
(343, NULL, 'Keneishia', '6a5665442d4098acc13aebeb68ec7691', 'keneishia12@gmail.com', NULL),
(344, 'keneishia', 'Keneishia', '6a5665442d4098acc13aebeb68ec7691', 'keneishia12@gmail.com', NULL),
(345, NULL, 'yugienugraha', '719a3907a04cf2f6891412f7e5eb37d1', 'yugie.nugraha@gmail.com', NULL),
(346, 'Kristi Nar', 'Kristinar', '98c687ab5c424dc25686a8d852011930', 'kristynar16@gmail.com', NULL),
(347, NULL, 'Kristinar', '98c687ab5c424dc25686a8d852011930', 'kristynar16@gmail.com', NULL),
(348, NULL, 'Kristinar', '98c687ab5c424dc25686a8d852011930', 'kristynar16@gmail.com', NULL),
(349, 'Jana', 'Marjana', '33db11183a021249ac2e9a9105488d33', 'marjanaahyani@gmail.com', NULL),
(350, NULL, 'Marjana', '33db11183a021249ac2e9a9105488d33', 'marjanaahyani@gmail.com', NULL),
(351, NULL, 'Afni oktaf', '60d98dbfd0ced194e3c474f88470d5dd', 'dikara_010@yahoo.com', NULL),
(352, NULL, 'Afni oktaf', '60d98dbfd0ced194e3c474f88470d5dd', 'dikara_010@yahoo.com', NULL),
(353, 'Type your name here...', 'Danang2611', '737b0ff76f6ee681e06f68e49ee5f260', 'danang2611@gmail.com', NULL),
(354, NULL, 'Danang2611', '737b0ff76f6ee681e06f68e49ee5f260', 'danang2611@gmail.com', NULL),
(355, 'Vie', 'Vie', 'e278833c3623bb376687ba0c48d9802d', 'evi_latifah_nur@yahoo.com', NULL),
(356, NULL, 'Nany', '9d98bf809c9161e7b776e719cfb26cd0', 'randux_ynan@yahoo.co.id', NULL),
(357, NULL, 'Nany', '9d98bf809c9161e7b776e719cfb26cd0', 'randux_ynan@yahoo.co.id', NULL),
(358, 'Type your name here...', 'Ria tiwi nurfadiah', 'dde614f64720baf8580f7d6a5ac2bb32', 'tiwinurfadiah94@gmail.com', 'photo59577663.jpg'),
(359, NULL, 'Anti', '8220216af53e3f030416c040d19ab7ab', 'antiapri3@gmail.com', NULL),
(360, NULL, 'Anti', '8220216af53e3f030416c040d19ab7ab', 'antiapri3@gmail.com', NULL),
(361, NULL, 'Ihssen', '02a5579f6975e1679ee15982592e1a71', 'seleneno-16@live.fr', NULL),
(362, NULL, 'Ihssen', '02a5579f6975e1679ee15982592e1a71', 'seleneno-16@live.fr', NULL),
(363, NULL, 'Ihssen', '02a5579f6975e1679ee15982592e1a71', 'seleneno-16@live.fr', NULL),
(364, 'Type your name here...', 'Nana', '6b182df20962b2bc067fecce10aa118a', 'ratna.sufemi@gmail.com', NULL),
(365, NULL, 'Nana', '6b182df20962b2bc067fecce10aa118a', 'ratna.sufemi@gmail.com', NULL),
(366, NULL, 'Nana', '6b182df20962b2bc067fecce10aa118a', 'ratna.sufemi@gmail.com', NULL),
(367, NULL, 'Nana', '6b182df20962b2bc067fecce10aa118a', 'ratna.sufemi@gmail.com', NULL),
(368, NULL, 'Nana', '6b182df20962b2bc067fecce10aa118a', 'ratna.sufemi@gmail.com', NULL),
(369, NULL, 'Nana', '6b182df20962b2bc067fecce10aa118a', 'ratna.sufemi@gmail.com', NULL),
(370, NULL, 'Nana', '6b182df20962b2bc067fecce10aa118a', 'ratna.sufemi@gmail.com', NULL),
(371, NULL, 'Nana', '6b182df20962b2bc067fecce10aa118a', 'ratna.sufemi@gmail.com', NULL),
(372, NULL, 'Fitri', '693de955adc2331278e9ae3ec0b17527', 'aryunifitri17@gmail.com', NULL),
(373, NULL, 'Fitri', '693de955adc2331278e9ae3ec0b17527', 'aryunifitri17@gmail.com', NULL),
(374, NULL, 'Fitri', '693de955adc2331278e9ae3ec0b17527', 'aryunifitri17@gmail.com', NULL),
(375, NULL, 'Fitri', '693de955adc2331278e9ae3ec0b17527', 'aryunifitri17@gmail.com', NULL),
(376, NULL, 'Fitri', '693de955adc2331278e9ae3ec0b17527', 'aryunifitri17@gmail.com', NULL),
(377, NULL, 'Fitri', '693de955adc2331278e9ae3ec0b17527', 'aryunifitri17@gmail.com', NULL),
(378, NULL, 'Fitri', '693de955adc2331278e9ae3ec0b17527', 'aryunifitri17@gmail.com', NULL),
(379, 'yuni', '', 'd41d8cd98f00b204e9800998ecf8427e', '', NULL),
(380, 'lisha', 'Lila', 'c73c0e0576d90c8e23ae6c3cb6e597d8', 'lishamarriott@hotmail.com', NULL),
(381, '', 'Lila', 'c73c0e0576d90c8e23ae6c3cb6e597d8', 'lishamarriott@hotmail.com', NULL),
(382, NULL, 'Fitriani rina', '80341df7cb9b8e62cd78ac5011854050', 'rinafitriani71@yahoo.com', NULL),
(383, NULL, 'Fitriani rina', '80341df7cb9b8e62cd78ac5011854050', 'rinafitriani71@yahoo.com', NULL),
(384, 'sri', 'Sri', '68281dc620c712e3906fa19555fc6d34', 'dheni269@live.com', 'photo56750435.jpg'),
(385, 'Type your name here...', 'V_ra Chubby', 'a22300fc19b2d9190c2684184bd7e02b', 'violeta_imoet94@yahoo.co.id', 'photo70595909.jpg'),
(386, NULL, 'V_ra Chubby', 'a22300fc19b2d9190c2684184bd7e02b', 'violeta_imoet94@yahoo.co.id', NULL),
(387, 'nisrina mahira', '', 'd41d8cd98f00b204e9800998ecf8427e', '', 'photo74055387.jpg'),
(388, NULL, '', 'd41d8cd98f00b204e9800998ecf8427e', '', NULL),
(389, NULL, 'Di1234', 'b385fd768695494bd7464d5ed9803f2c', 'coffe_latte67@ymail.com', NULL),
(390, NULL, 'Di1234', 'b385fd768695494bd7464d5ed9803f2c', 'coffe_latte67@ymail.com', NULL),
(391, NULL, 'Di1234', 'b385fd768695494bd7464d5ed9803f2c', 'coffe_latte67@ymail.com', NULL),
(392, NULL, 'Di1234', 'b385fd768695494bd7464d5ed9803f2c', 'coffe_latte67@ymail.com', NULL),
(393, NULL, 'taryanarx', '099f9cec955a27e8738ad1cd1a610e1f', 'taryanarx@gmail.com', NULL),
(394, 'Type your name here...', '', 'd41d8cd98f00b204e9800998ecf8427e', '', 'photo3965265.jpg'),
(395, 'Type your name here...', 'Shaveea', '4ea2460e59fbdd13028b35a102d6df7f', 'Ang_24@yahoo.co.id', 'photo38490146.jpg'),
(396, NULL, '', 'd41d8cd98f00b204e9800998ecf8427e', '', NULL),
(397, NULL, 'cakra', '72fe9a7654d4b083a5ce176ad3a896e4', 'cakrawikanta@yahoo.co.id', NULL),
(398, 'Type your name here...', 'Eko sh', 'ed989d2e7afc762fd6f4176bef38eabf', 'echo.sh68@yahoo.com', NULL),
(399, NULL, 'Bhod', 'bb695134aed1f610c18bf4afbe327621', 'alnehlahraja@gmail.com', NULL),
(400, NULL, 'fina11', 'dfc17cc4510b676c93e24d107b768ac5', 'fina_loch@yahoo.it', NULL),
(401, NULL, 'fina11', 'dfc17cc4510b676c93e24d107b768ac5', 'fina_loch@yahoo.it', NULL),
(402, NULL, 'fina11', 'dfc17cc4510b676c93e24d107b768ac5', 'fina_loch@yahoo.it', NULL),
(403, NULL, 'fina11', 'dfc17cc4510b676c93e24d107b768ac5', 'fina_loch@yahoo.it', NULL),
(404, NULL, 'fina11', 'dfc17cc4510b676c93e24d107b768ac5', 'fina_loch@yahoo.it', NULL),
(405, NULL, 'fina11', 'dfc17cc4510b676c93e24d107b768ac5', 'fina_loch@yahoo.it', NULL),
(406, NULL, 'fina11', 'dfc17cc4510b676c93e24d107b768ac5', 'fina_loch@yahoo.it', NULL),
(407, NULL, 'fina11', 'dfc17cc4510b676c93e24d107b768ac5', 'fina_loch@yahoo.it', NULL),
(408, NULL, 'afriiza', '8f517d4cf60e014d179c3cdc280fee78', 'afriizahidayat@gmail.com', NULL),
(409, NULL, '', 'd41d8cd98f00b204e9800998ecf8427e', '', NULL),
(410, NULL, '', 'd41d8cd98f00b204e9800998ecf8427e', '', NULL),
(411, NULL, '', 'd41d8cd98f00b204e9800998ecf8427e', '', NULL),
(412, NULL, '', 'd41d8cd98f00b204e9800998ecf8427e', '', NULL),
(413, 'Type your name here...', 'Son', '82d21e53f74b7a30c620f25404837be9', 'yahoo..com', 'photo34942299.jpg'),
(414, 'Type your name here...', 'Ell Sasmito', '2013d25e06699c76a0bf840165a3afa0', 'nalo1992@gmail.com', 'photo54083547.jpg'),
(415, NULL, 'Ell Sasmito', '2013d25e06699c76a0bf840165a3afa0', 'nalo1992@gmail.com', NULL),
(416, 'Type your name here...', 'Windi', '63668abebd6d9315663aeda75e6d5325', 'putri_indie@yahoo.com', 'photo62999843.jpg'),
(417, NULL, 'Windi', '63668abebd6d9315663aeda75e6d5325', 'putri_indie@yahoo.com', NULL),
(418, NULL, 'kristin', '149afd631693c895f81e508eb5aaef37', 'rougediana@gmail.com', NULL),
(419, NULL, 'Deela', 'bf2ff2ed3c83c3c5ce510c4666f6fb0d', 'Deela_costha@yahoo.com', NULL),
(420, NULL, 'Deela', 'bf2ff2ed3c83c3c5ce510c4666f6fb0d', 'Deela_costha@yahoo.com', NULL),
(421, 'Type your name here...', 'Deela', 'bf2ff2ed3c83c3c5ce510c4666f6fb0d', 'Deela_costha@yahoo.com', 'photo8613419.jpg'),
(422, NULL, 'Deela', 'bf2ff2ed3c83c3c5ce510c4666f6fb0d', 'Deela_costha@yahoo.com', NULL),
(423, NULL, 'Deela', 'bf2ff2ed3c83c3c5ce510c4666f6fb0d', 'Deela_costha@yahoo.com', NULL),
(424, NULL, 'Deela', 'bf2ff2ed3c83c3c5ce510c4666f6fb0d', 'Deela_costha@yahoo.com', NULL),
(425, NULL, 'Khwalita', '9990243335840c8bdb0717389a62a10f', '', NULL),
(426, NULL, 'Khwalita', '9990243335840c8bdb0717389a62a10f', '', NULL),
(427, NULL, 'Jeli', '3ae7acedc32614f647600c9aed426f53', 'jbadriati@yahoo.co.id', NULL),
(428, NULL, 'Lady', '922c685ceae7050df90962c2702623af', 'bndotz_centil@yahoo.co.id', NULL),
(429, NULL, '', 'd41d8cd98f00b204e9800998ecf8427e', '', NULL),
(430, NULL, 'Novika', 'fe0cf19c6b6bd73f29f4618b1b6068c9', 'vuolet_novdee@ymail.com', NULL),
(431, NULL, 'Novika', 'fe0cf19c6b6bd73f29f4618b1b6068c9', 'vuolet_novdee@ymail.com', NULL),
(432, NULL, 'Novika', 'fe0cf19c6b6bd73f29f4618b1b6068c9', 'vuolet_novdee@ymail.com', NULL),
(433, NULL, 'Novika', 'fe0cf19c6b6bd73f29f4618b1b6068c9', 'vuolet_novdee@ymail.com', NULL),
(434, NULL, 'Novika', 'fe0cf19c6b6bd73f29f4618b1b6068c9', 'vuolet_novdee@ymail.com', NULL),
(435, NULL, 'Novika', 'fe0cf19c6b6bd73f29f4618b1b6068c9', 'vuolet_novdee@ymail.com', NULL),
(436, NULL, 'kristin', '9342808bb5fd996c6de266b3a67b2cfb', 'rougediana@gmail.com', NULL),
(437, 'irma', 'Irma', '37d153a06c79e99e4de5889dbe2e7c57', '', 'photo32118320.jpg'),
(438, NULL, 'Noe phika', '9a633e8fe9312d2feac8ac9612373dcf', 'noe.phika@hotmail.com', NULL),
(439, NULL, 'Noe phika', '9a633e8fe9312d2feac8ac9612373dcf', 'noe.phika@hotmail.com', NULL),
(440, 'Type your name here...', 'Tabassum', 'f2434dfb31b17d2a3a3013a684206828', 'tabassum_xx@hotmail.com', NULL),
(441, NULL, 'KaTaLina', 'cf27e77eecfcaddad1647394a8282d90', 'kries_tp@yahoo.co.id', NULL),
(442, 'KaTaLiNa', 'KaTaLiNa', 'cf27e77eecfcaddad1647394a8282d90', 'kries_tp@yahoo.co.id', 'photo14100260.jpg'),
(443, 'Poppydwirams12', 'Poppydwirams12', 'f936e6010fec57ff2f73e9e97cf98b55', 'poppywiramari@yahoo.co.id', NULL),
(444, 'henni', 'Hassina', '3f4f9dce11aa9ae76bbad8bd3635f269', 'hassina.henni@gmail.com', NULL),
(445, 'nida', 'Nida', '02fbd916f754314f6a9b1005815b6a84', 'j.nida@hotmail.com', 'photo7847969.jpg'),
(446, 'Type your name here...', 'Icha', '92be68282c367d0a25b8acb8d9e5f9cb', 'ichadandy90@gmail.com', 'photo42914178.jpg'),
(447, NULL, 'Icha', '92be68282c367d0a25b8acb8d9e5f9cb', 'ichadandy90@gmail.com', NULL),
(448, NULL, '', 'd41d8cd98f00b204e9800998ecf8427e', '', NULL),
(449, 'Type your name here...', 'Nasara', 'be36d43040d46516fab3804a65985f05', '', NULL),
(450, NULL, 'Nasara', 'be36d43040d46516fab3804a65985f05', '', NULL),
(451, NULL, 'Brunette', 'a537bf409b2819a2c5f4c09f74877928', 'brune_life@hotmail.fr', NULL),
(452, NULL, 'Brunette', 'a537bf409b2819a2c5f4c09f74877928', 'brune_life@hotmail.fr', NULL),
(453, 'falco', '', 'd41d8cd98f00b204e9800998ecf8427e', '', NULL),
(454, NULL, 'ekasetyorini', 'ec9c9f88edc2554217812bc6f75ef25c', 'ekasetya.ka@gmail.com', NULL),
(455, NULL, 'ekasetyorini', 'ec9c9f88edc2554217812bc6f75ef25c', 'ekasetya.ka@gmail.com', NULL),
(456, 'Type your name here...', 'eka', 'ec9c9f88edc2554217812bc6f75ef25c', 'ekasetya.ka@gmail.com', 'photo39849901.jpg'),
(457, NULL, 'eka', 'ec9c9f88edc2554217812bc6f75ef25c', 'ekasetya.ka@gmail.com', NULL),
(458, 'althaf yumnaa', 'Althaf yumna', 'ce979d6791c3bb029f56022ab047e1c4', 'rayra_kha05@yahoo.com', 'photo52502574.jpg');

/*!40101 SET CHARACTER_SET_CLIENT=@OLD_CHARACTER_SET_CLIENT */;
/*!40101 SET CHARACTER_SET_RESULTS=@OLD_CHARACTER_SET_RESULTS */;
/*!40101 SET COLLATION_CONNECTION=@OLD_COLLATION_CONNECTION */;
         